[{"Acteur":{"groupeacteur":"majorité","nom":"GUILLAUME","prenom":"Didier","civilite":"Monsieur","titre":"Président","position":1,"birthday":"1988-11-30","adresse1":"","adresse2":"","cp":"","ville":"","email":"guillaume.didier@test.fr","telfixe":"","telmobile":"","active":true},"Suppleant":{"firstname":"GUILLAUME","lastname":"Didier","birthday":"1978-12-16"},"Typeacteur":{"elu":true}},{"Acteur":{"groupeacteur":"majorité","nom":"GREGOIRE","prenom":"Michel","civilite":"Monsieur","titre":"1ER Vice-President","position":2,"birthday":"1973-02-15","adresse1":"","adresse2":"","cp":"26000","ville":"Buis-les-Baronnies","email":"gregoire.michel@test.fr","telfixe":"","telmobile":"","active":true},"Suppleant":{"firstname":"DUPONT","lastname":"Julie","birthday":"1990-08-31"},"Typeacteur":{"elu":true}}]
