﻿<flux type='seances-mobile'><param name='envoi_auto' value="on"/><data name='nom_seance' value='Conseil auto'/><data name='type_seance' value='verif auto'/><data name='date_seance' value='2016-09-02'/><data name='heure_seance' value='14:00:00'/><data name='lieu_seance' value='Hôtel de ville'/><files name='convocation_pdf'><file content='Convocation.pdf' /></files><files name='acteurs_json'><file content='Acteurs.json'/></files><files name='projets_json'><file content='Projets.json'/></files><files name='documents_des_projets'><file content='P_0|Réfection du parc de loisir.pdf'/><file content='P_0_0|Plan.pdf'/><file content='P_0_1|Photo.pdf'/><file content='P_1|Subvention école.pdf'/></files></flux>
