<flux type='actes-automatique'>
	<param name='envoi_auto' value="on"/>
	<data name='acte_nature' value="1"/>
	<data name='numero_de_lacte' value="20170817A"/>
	<data name='objet' value="Exemple d'import d'un acte"/>
	<data name='date_de_lacte' value="2017-08-17"/>
	<data name='classification' value="1.1 Marchés publics"/>
	<files name='arrete'>
		<file content='Délibération Libriciel.pdf'/>
	</files>
	<files name='autre_document_attache'>
		<file content='Délibération Libriciel - annexe1.odt'/>
		<file content='Deuxième annexe de Délibération Libriciel.pdf'/>
	</files>
	<data name='envoi_signature_check' value="on"/>
	<data name='envoi_tdt' value="on"/>
	<data name='envoi_ged' value="on"/>
	<data name='envoi_sae' value=""/>
	<data name='envoi_signature' value="1"/>
	<data name="iparapheur_type" value="PADES"/>
	<data name="iparapheur_sous_type" value="Document"/>
</flux>
